{
  "weights": [
    -0.02733338205758908,
    0.019791022798829966,
    -0.0021103895016478568,
    -0.0017453389099721208,
    0.03630999012132179,
    0.04386029157726208,
    0.017214265512428883,
    0.6673279551487831,
    0.014078083561319432,
    0.01316084809074112,
    -0.02363091765461237,
    -0.21018092544031458,
    0.024365664082445403,
    0.24886327995215723,
    -0.031223599657037044,
    -0.014865181299198652,
    -0.009178794952749076,
    0.011317694851459904,
    -0.0034390460886373495
  ],
  "features": [
    "ID",
    "MONTHS_BALANCE",
    "STATUS",
    "CODE_GENDER",
    "FLAG_OWN_CAR",
    "FLAG_OWN_REALTY",
    "CNT_CHILDREN",
    "AMT_INCOME_TOTAL",
    "NAME_INCOME_TYPE",
    "NAME_EDUCATION_TYPE",
    "NAME_FAMILY_STATUS",
    "NAME_HOUSING_TYPE",
    "DAYS_BIRTH",
    "DAYS_EMPLOYED",
    "FLAG_WORK_PHONE",
    "FLAG_PHONE",
    "FLAG_EMAIL",
    "OCCUPATION_TYPE"
  ],
  "metrics": {
    "accuracy": 0.7394630268486576,
    "precision": 0.7439246658563962,
    "recall": 0.7325755309599963,
    "f1": 0.7382064802835296,
    "auc": 0.7785883033066923
  }
}