{
  "weights": [
    -0.28253550071533334,
    -0.0379363945836113,
    0.0026356106242705684,
    -0.014772413283339914,
    -0.022060206055865113,
    0.004682176683045771,
    0.09648959827457403,
    0.08984704099644814,
    0.06695804424370932,
    0.054961724382518735,
    0.048885908805107056,
    0.056320032535733686,
    -0.005340626176850049,
    -0.0039424119298660555,
    -0.0021432474908094044,
    -0.00435085032360851,
    -0.003577527460755716,
    0.00041085847304184414,
    -0.020356858019685002,
    -0.02021535273580775,
    -0.01288529571660406,
    -0.017566292366155756,
    0.009360256335546699,
    -0.016183971690452697
  ],
  "features": [
    "LIMIT_BAL",
    "SEX",
    "EDUCATION",
    "MARRIAGE",
    "AGE",
    "PAY_0",
    "PAY_2",
    "PAY_3",
    "PAY_4",
    "PAY_5",
    "PAY_6",
    "BILL_AMT1",
    "BILL_AMT2",
    "BILL_AMT3",
    "BILL_AMT4",
    "BILL_AMT5",
    "BILL_AMT6",
    "PAY_AMT1",
    "PAY_AMT2",
    "PAY_AMT3",
    "PAY_AMT4",
    "PAY_AMT5",
    "PAY_AMT6"
  ],
  "metrics": {
    "accuracy": 0.801,
    "precision": 0.5717367853284016,
    "recall": 0.399397136397589,
    "f1": 0.47027506606368763,
    "auc": 0.6801097745857128
  }
}